FirstName,LastName,Start_date,end_date,ID
Tiffany,Clark,2023-01-12,2023-06-04,U2023-QWKQID
Alice,Russell,2020-11-05,2024-06-06,U2020-QTSMNX
Margaret,White,2025-02-24,2027-09-24,U2025-WYAXPJ
John,Vasquez,2022-12-04,2026-07-29,U2022-UDELDK
Jose,Burgess,2023-06-16,2026-08-17,U2023-XNUTWE
Maria,Thompson,2025-04-10,2026-01-13,U2025-IIANXW
Brittney,Robertson,2023-09-04,2027-04-02,U2023-YOPLAW
Daniel,Vaughn,2024-08-18,2027-06-29,U2024-VISFAQ
Alicia,Simmons,2021-12-28,2026-01-13,U2021-LCVQSV
Audrey,Martinez,2021-10-18,2022-12-23,U2021-SQYJSU
Edward,Hernandez,2023-06-05,2025-08-19,U2023-SNFJOF
Kelli,Walker,2025-08-10,2029-04-08,U2025-XTTBQF
Michelle,Nash,2022-07-02,2023-12-20,U2022-QVCYMH
Brandi,Wilson,2021-04-02,2022-06-02,U2021-OVYGAH
Nicole,Santiago,2025-02-10,2027-09-18,U2025-URHWSF
Hannah,Knight,2023-11-21,2024-02-03,U2023-LJOOWR
Heidi,Erickson,2022-05-19,2026-05-06,U2022-ZBZSWV
Clinton,Davidson,2023-06-12,2025-04-16,U2023-UMCCJS
Tracy,Hernandez,2023-05-07,2026-01-30,U2023-JCITCW
Bryan,Wilkins,2023-05-13,2024-02-07,U2023-QHSMXP
Donald,Owens,2022-12-09,2024-10-21,U2022-VXYGHM
Stephen,Waters,2024-12-30,2029-02-04,U2024-WPAROU
Angela,Bass,2021-08-05,2022-03-12,U2021-EGGNUS
John,Wilcox,2021-08-18,2024-01-28,U2021-AALNOE
Deanna,Levine,2023-06-18,2027-04-08,U2023-PLWCKA
Curtis,Bolton,2022-09-01,2024-05-11,U2022-NBVTAK
Chelsea,Mcpherson,2024-03-19,2025-05-19,U2024-BIBPMK
Beth,Brown,2023-06-01,2024-03-13,U2023-KFJFRN
Daniel,Case,2025-01-05,2027-07-03,U2025-IMCXVT
John,Reed,2025-01-21,2028-10-06,U2025-GLKOEW
Samuel,Flores,2024-11-30,2027-04-05,U2024-EXZWSY
Victor,Kennedy,2022-08-14,2022-11-06,U2022-CRTJDK
Barbara,Richardson,2025-06-26,2026-10-19,U2025-BQDCTD
Russell,Daniel,2023-04-02,2026-10-14,U2023-LDGZAU
Jessica,Phillips,2023-07-08,2026-03-20,U2023-ISCGBB
Erik,Vargas,2021-09-22,2021-10-27,U2021-ATHVUD
Heather,Church,2023-08-07,2027-05-10,U2023-KATWHP
Michael,Mcgrath,2020-12-27,2022-07-27,U2020-ZUZJWC
Jennifer,Carrillo,2025-07-30,2029-04-21,U2025-ZWLOMK
Veronica,Guerrero,2024-11-09,2026-03-10,U2024-ZTMLGL
Nathaniel,Lewis,2025-10-03,2029-08-18,U2025-PXRCLB
Michael,Yoder,2022-11-06,2025-12-11,U2022-IKJTUQ
Melvin,Mckinney,2021-01-10,2023-08-01,U2021-OXVMAY
Robin,Moses,2024-03-10,2025-10-30,U2024-MXNHHL
Brandon,Rodriguez,2024-01-11,2027-03-22,U2024-JIONBA
Steven,James,2021-05-10,2021-06-27,U2021-IHMYOR
Mark,Vance,2022-03-10,2025-04-24,U2022-ULOOQK
Michael,Hodges,2020-11-23,2021-01-18,U2020-AYBBBI
Randall,Shelton,2024-11-26,2028-02-17,U2024-XVYLPI
William,Fitzgerald,2024-08-31,2024-12-30,U2024-EQYWKY
Larry,Barrera,2024-05-08,2027-10-31,U2024-ZSPXPE
William,Kennedy,2021-08-09,2022-11-20,U2021-ZDMMTR
Anthony,Price,2025-01-13,2027-11-17,U2025-CHJPUW
Dawn,Gregory,2023-10-24,2027-04-18,U2023-ZMFZNB
Valerie,Swanson,2024-09-14,2024-11-12,U2024-WXDREM
Caleb,Davis,2023-07-16,2027-07-06,U2023-CNRCUU
Jo,Sanders,2023-06-20,2026-02-14,U2023-GRBMHM
Peter,Proctor,2022-08-23,2025-04-23,U2022-WKDMOK
Bryan,Moran,2025-03-02,2027-06-07,U2025-MMMCMP
Erin,Martinez,2023-12-27,2026-02-12,U2023-OSBFBT
Martin,Brown,2025-05-22,2029-06-10,U2025-NYECHW
Brian,Farmer,2023-06-25,2024-04-27,U2023-ULNFCG
Charles,Hansen,2022-02-02,2025-01-03,U2022-EYNNYR
Renee,Rasmussen,2022-07-05,2023-11-23,U2022-ROUKVK
Richard,Morris,2022-11-05,2024-08-26,U2022-QCLFBU
Andrew,Wilkerson,2023-02-15,2023-07-14,U2023-DUBCQY
Jeffrey,Hernandez,2021-05-25,2023-10-31,U2021-JOOFZR
Annette,Watson,2025-01-04,2027-04-25,U2025-XKDSPT
Christopher,Clark,2022-04-10,2023-03-21,U2022-EHGACR
Jeremy,Keller,2024-05-13,2026-06-22,U2024-UAXTFF
Robert,Reyes,2024-03-23,2027-01-30,U2024-RPRITP
Michelle,Powers,2024-12-23,2025-09-24,U2024-JFUONQ
Amy,King,2024-02-29,2026-02-03,U2024-EYVFRT
William,Black,2022-06-13,2023-12-03,U2022-BQXJZP
Ernest,Larson,2023-06-13,2026-10-14,U2023-AWHFCW
Chad,Ortiz,2021-02-13,2021-11-19,U2021-KCKMNE
Samantha,Gutierrez,2022-07-13,2025-02-12,U2022-JFKREW
David,Hunt,2025-08-07,2027-08-01,U2025-EPBRHS
Jasmine,Dominguez,2023-04-27,2026-12-04,U2023-KDQQKE
Edward,Guerra,2024-06-04,2025-07-30,U2024-VGGTKA
Tammy,Peterson,2023-02-22,2025-12-13,U2023-LNXEXM
Jennifer,Moore,2025-02-18,2028-11-27,U2025-MBDYKR
Patrick,Mcclure,2025-06-12,2028-09-30,U2025-ARGJHY
Danielle,Leach,2025-08-08,2025-10-05,U2025-NJDYYP
Angela,Murray,2021-08-18,2022-04-30,U2021-TFRBNQ
Brittany,Rodriguez,2022-12-12,2023-12-19,U2022-NUENBR
Amber,Terry,2022-12-31,2025-10-31,U2022-ZDEBDB
Rebecca,Miller,2024-08-29,2026-02-08,U2024-IABTEZ
Christopher,Smith,2025-06-06,2028-01-26,U2025-VHHSIT
Lorraine,Webb,2021-10-30,2025-05-19,U2021-VRETLD
Misty,Vasquez,2022-06-02,2024-07-31,U2022-EYQFQA
Brandon,Mendoza,2025-02-15,2026-11-10,U2025-CYVHZZ
Brian,Roberts,2023-04-14,2027-01-31,U2023-PVVGXK
Anthony,Gonzalez,2021-08-04,2022-12-12,U2021-AGMRRE
Shannon,Torres,2024-05-12,2025-05-22,U2024-DRXOES
Zachary,Clarke,2024-10-20,2026-12-13,U2024-IHEFUN
Jay,Wilson,2022-11-08,2025-07-14,U2022-XGNITG
Todd,Smith,2023-12-01,2027-05-29,U2023-NAUJIT
Patricia,Hardy,2024-10-03,2028-06-22,U2024-EUXSWL
Larry,Lewis,2024-10-26,2027-09-08,U2024-FVDGLS
